date,tasks_done
2025-01-01,0
2025-01-02,4
2025-01-03,4
2025-01-04,5
2025-01-05,5
2025-01-06,3
2025-01-07,5
2025-01-08,4
2025-01-09,6
2025-01-10,7
2025-01-11,2
2025-01-12,5
2025-01-13,5
2025-01-14,6
2025-01-15,4
2025-01-16,6
2025-01-17,6
2025-01-18,1
2025-01-19,7
2025-01-20,2
2025-01-21,11
2025-01-22,4
2025-01-23,3
2025-01-24,8
2025-01-25,3
2025-01-26,0
2025-01-27,5
2025-01-28,8
2025-01-29,3
2025-01-30,2
2025-01-31,5
2025-02-01,3
2025-02-02,8
2025-02-03,10
2025-02-04,3
2025-02-05,2
2025-02-06,5
2025-02-07,7
2025-02-08,6
2025-02-09,6
2025-02-10,0
2025-02-11,4
2025-02-12,9
2025-02-13,7
2025-02-14,11
2025-02-15,8
2025-02-16,3
2025-02-17,2
2025-02-18,3
2025-02-19,4
2025-02-20,2
2025-02-21,5
2025-02-22,4
2025-02-23,3
2025-02-24,8
2025-02-25,2
2025-02-26,1
2025-02-27,4
2025-02-28,5
2025-03-01,4
2025-03-02,3
2025-03-03,4
2025-03-04,8
2025-03-05,2
2025-03-06,2
2025-03-07,2
2025-03-08,7
2025-03-09,6
2025-03-10,7
2025-03-11,6
2025-03-12,7
2025-03-13,6
2025-03-14,4
2025-03-15,2
2025-03-16,3
2025-03-17,1
2025-03-18,7
2025-03-19,4
2025-03-20,3
2025-03-21,2
2025-03-22,4
2025-03-23,3
2025-03-24,5
2025-03-25,9
2025-03-26,6
2025-03-27,6
2025-03-28,9
2025-03-29,4
2025-03-30,9
2025-03-31,2
2025-04-01,10
2025-04-02,6
2025-04-03,9
2025-04-04,4
2025-04-05,1
2025-04-06,6
2025-04-07,8
2025-04-08,6
2025-04-09,2
2025-04-10,3
